{"stats":{"minecraft:crafted":{"mcwwindows:oak_plank_parapet":5,"minecraft:oak_planks":16,"minecraft:crafting_table":1,"minecraft:stick":8,"minecraft:wooden_pickaxe":1},"minecraft:custom":{"minecraft:time_since_rest":0,"minecraft:damage_taken":2210,"minecraft:play_time":23317,"minecraft:walk_one_cm":37461,"minecraft:crouch_one_cm":601,"minecraft:sprint_one_cm":3148,"minecraft:deaths":1,"minecraft:sneak_time":696,"minecraft:walk_under_water_one_cm":135,"minecraft:jump":124,"minecraft:leave_game":4,"minecraft:time_since_death":11865,"minecraft:walk_on_water_one_cm":100,"minecraft:sleep_in_bed":1,"minecraft:total_world_time":23317,"minecraft:interact_with_crafting_table":2,"minecraft:fall_one_cm":3573,"minecraft:fly_one_cm":3914},"minecraft:picked_up":{"minecraft:wheat":52,"minecraft:wheat_seeds":148,"minecraft:oak_log":4,"minecraft:dirt":31,"minecraft:cobblestone":14},"minecraft:mined":{"minecraft:grass":2,"minecraft:grass_block":9,"minecraft:oak_log":4,"minecraft:dirt_path":4,"minecraft:dirt":18,"minecraft:wheat":66,"minecraft:tall_grass":1,"minecraft:stone":14},"minecraft:used":{"minecraft:dirt":19,"minecraft:crafting_table":1,"alexsmobs:animal_dictionary":2,"minecraft:wooden_pickaxe":26,"mcwwindows:oak_plank_parapet":1}},"DataVersion":2975}