{"stats":{"minecraft:picked_up":{"minecraft:wheat":52,"minecraft:wheat_seeds":148,"minecraft:dirt":19},"minecraft:used":{"minecraft:dirt":19},"minecraft:mined":{"minecraft:grass":2,"minecraft:grass_block":9,"minecraft:dirt_path":1,"minecraft:dirt":9,"minecraft:tall_grass":1,"minecraft:wheat":66},"minecraft:custom":{"minecraft:time_since_rest":1613,"minecraft:play_time":13027,"minecraft:crouch_one_cm":369,"minecraft:sprint_one_cm":1917,"minecraft:deaths":1,"minecraft:damage_taken":2210,"minecraft:walk_one_cm":16866,"minecraft:sneak_time":402,"minecraft:walk_under_water_one_cm":135,"minecraft:jump":87,"minecraft:time_since_death":1575,"minecraft:walk_on_water_one_cm":100,"minecraft:total_world_time":13027,"minecraft:fall_one_cm":2344,"minecraft:fly_one_cm":1835}},"DataVersion":2975}