{"stats":{"minecraft:dropped":{"minecraft:stone_sword":1,"minecraft:melon_slice":1,"minecraft:azure_bluet":1},"minecraft:killed":{"minecraft:sheep":2,"minecraft:pig":2},"minecraft:crafted":{"minecraft:oak_boat":1,"minecraft:oak_planks":40,"minecraft:crafting_table":1,"minecraft:stick":8,"minecraft:wooden_pickaxe":1,"minecraft:stone_pickaxe":1,"minecraft:stone_sword":1,"minecraft:stone_axe":1},"minecraft:custom":{"minecraft:time_since_rest":2992,"minecraft:interact_with_smithing_table":1,"minecraft:sprint_one_cm":34196,"minecraft:damage_taken":90,"minecraft:walk_one_cm":88485,"minecraft:mob_kills":4,"minecraft:drop":3,"minecraft:damage_dealt":642,"minecraft:swim_one_cm":2673,"minecraft:interact_with_crafting_table":4,"minecraft:fly_one_cm":69769,"minecraft:open_chest":2,"minecraft:crouch_one_cm":908,"minecraft:play_time":37159,"minecraft:sneak_time":375,"minecraft:walk_under_water_one_cm":2957,"minecraft:boat_one_cm":60354,"minecraft:jump":597,"minecraft:leave_game":2,"minecraft:time_since_death":37159,"minecraft:walk_on_water_one_cm":3285,"minecraft:sleep_in_bed":1,"minecraft:total_world_time":37159,"minecraft:climb_one_cm":2793,"minecraft:fall_one_cm":13732},"minecraft:picked_up":{"minecraft:crafting_table":2,"minecraft:dark_oak_button":1,"minecraft:azure_bluet":2,"minecraft:porkchop":5,"croptopia:calamari":1,"minecraft:oak_log":10,"minecraft:ink_sac":3,"minecraft:dirt":18,"minecraft:stone_sword":1,"minecraft:experience_bottle":1,"minecraft:wheat_seeds":3,"minecraft:oak_boat":2,"minecraft:gray_wool":1,"minecraft:melon_slice":12,"minecraft:mutton":4,"minecraft:coal":26,"minecraft:white_wool":1,"minecraft:cobblestone":21},"minecraft:mined":{"minecraft:crafting_table":2,"minecraft:azure_bluet":1,"minecraft:grass":23,"minecraft:oak_log":9,"minecraft:coal_ore":26,"minecraft:melon":2,"minecraft:tall_grass":3,"minecraft:stone":21,"minecraft:oak_leaves":3},"minecraft:used":{"minecraft:stone_sword":3,"minecraft:melon_slice":7,"minecraft:stone_pickaxe":44,"minecraft:wooden_pickaxe":3,"minecraft:dark_oak_button":1,"minecraft:stone_axe":9,"carryon:tile_item":1,"minecraft:mutton":4,"minecraft:crafting_table":2,"minecraft:porkchop":1,"minecraft:oak_boat":2}},"DataVersion":2975}