{"stats":{"minecraft:killed":{"minecraft:sheep":2,"minecraft:pig":1},"minecraft:dropped":{"minecraft:azure_bluet":1},"minecraft:picked_up":{"minecraft:azure_bluet":2,"minecraft:wheat_seeds":3,"minecraft:porkchop":2,"minecraft:oak_log":4,"minecraft:gray_wool":1,"minecraft:dirt":16,"minecraft:coal":2,"minecraft:mutton":4,"minecraft:white_wool":1,"minecraft:cobblestone":16},"minecraft:used":{"minecraft:mutton":2,"minecraft:crafting_table":1,"minecraft:stone_pickaxe":15,"minecraft:wooden_pickaxe":3},"minecraft:mined":{"minecraft:grass":14,"minecraft:coal_ore":2,"minecraft:oak_log":4,"minecraft:stone":16,"minecraft:azure_bluet":1,"minecraft:oak_leaves":2},"minecraft:crafted":{"minecraft:oak_planks":16,"minecraft:crafting_table":1,"minecraft:stick":4,"minecraft:stone_pickaxe":1,"minecraft:wooden_pickaxe":1},"minecraft:custom":{"minecraft:time_since_rest":9771,"minecraft:play_time":9771,"minecraft:sprint_one_cm":2775,"minecraft:damage_taken":40,"minecraft:walk_one_cm":26138,"minecraft:sneak_time":2,"minecraft:mob_kills":3,"minecraft:drop":1,"minecraft:jump":139,"minecraft:damage_dealt":405,"minecraft:leave_game":1,"minecraft:time_since_death":9771,"minecraft:total_world_time":9771,"minecraft:interact_with_crafting_table":2,"minecraft:fall_one_cm":1856,"minecraft:fly_one_cm":6456}},"DataVersion":2975}