{"stats":{"minecraft:killed":{"minecraft:sheep":2,"minecraft:pig":2},"minecraft:dropped":{"minecraft:stone_sword":1,"minecraft:melon_slice":1,"minecraft:azure_bluet":1},"minecraft:picked_up":{"minecraft:crafting_table":2,"minecraft:azure_bluet":2,"minecraft:porkchop":5,"croptopia:calamari":1,"minecraft:oak_log":10,"minecraft:ink_sac":3,"minecraft:dirt":18,"minecraft:stone_sword":1,"minecraft:wheat_seeds":3,"minecraft:oak_boat":2,"minecraft:gray_wool":1,"minecraft:melon_slice":12,"minecraft:mutton":4,"minecraft:coal":26,"minecraft:white_wool":1,"minecraft:cobblestone":21},"minecraft:used":{"minecraft:stone_sword":3,"minecraft:melon_slice":7,"minecraft:stone_pickaxe":44,"minecraft:wooden_pickaxe":3,"minecraft:stone_axe":9,"minecraft:mutton":4,"minecraft:crafting_table":2,"minecraft:porkchop":1,"minecraft:oak_boat":2},"minecraft:mined":{"minecraft:crafting_table":2,"minecraft:azure_bluet":1,"minecraft:grass":18,"minecraft:oak_log":9,"minecraft:coal_ore":26,"minecraft:melon":2,"minecraft:stone":21,"minecraft:oak_leaves":3},"minecraft:crafted":{"minecraft:oak_boat":1,"minecraft:oak_planks":40,"minecraft:crafting_table":1,"minecraft:stick":8,"minecraft:wooden_pickaxe":1,"minecraft:stone_pickaxe":1,"minecraft:stone_sword":1,"minecraft:stone_axe":1},"minecraft:custom":{"minecraft:time_since_rest":21771,"minecraft:sprint_one_cm":24720,"minecraft:damage_taken":90,"minecraft:walk_one_cm":59036,"minecraft:mob_kills":4,"minecraft:drop":3,"minecraft:damage_dealt":642,"minecraft:swim_one_cm":2248,"minecraft:interact_with_crafting_table":4,"minecraft:fly_one_cm":53177,"minecraft:crouch_one_cm":592,"minecraft:play_time":21771,"minecraft:sneak_time":243,"minecraft:walk_under_water_one_cm":2866,"minecraft:boat_one_cm":60354,"minecraft:jump":458,"minecraft:walk_on_water_one_cm":2562,"minecraft:leave_game":1,"minecraft:time_since_death":21771,"minecraft:climb_one_cm":2113,"minecraft:total_world_time":21771,"minecraft:fall_one_cm":10053}},"DataVersion":2975}